{
  "algorithm": "ppo",
  "best_value": 0.10097093660669565,
  "best_params": {
    "learning_rate": 4.413406556107395e-05,
    "gamma": 0.9793081684002478,
    "gae_lambda": 0.9874863904585964,
    "clip_range": 0.1891022457719733,
    "value_coef": 0.25629092581808993,
    "entropy_coef": 0.002940097403358667,
    "n_epochs": 14,
    "batch_size": 32,
    "deeplob_hidden": 128,
    "deeplob_lstm": 64,
    "hidden_dim": 256
  },
  "n_trials": 7,
  "timestamp": "2026-03-25T19:43:00.567605"
}