{
  "algorithm": "sac",
  "best_value": 0.009374165536412925,
  "best_params": {
    "learning_rate": 7.359661913105756e-05,
    "gamma": 0.9810677431117201,
    "tau": 0.009709895639776197,
    "alpha": 0.3860244983217799,
    "batch_size": 512,
    "update_every": 4,
    "deeplob_hidden": 32,
    "deeplob_lstm": 64,
    "hidden_dim": 128
  },
  "n_trials": 8,
  "timestamp": "2026-03-27T12:16:24.673905"
}